periode_data,id_kel,nama_provinsi,nama_kota,nama_kecamatan,nama_kelurahan,odp,proses_pemantauan,selesai_pemantauan,pdp,masih_dirawat,pulang_dan_sehat,positif,dirawat,sembuh,meninggal,self_isolation
202005,3172021007,DKI JAKARTA,JAKARTA UTARA,TANJUNG PRIOK,WARAKAS,11,1,10,4,2,2,10,2,0,1,7
202005,3172031001,DKI JAKARTA,JAKARTA UTARA,KOJA,KOJA,14,0,14,2,0,2,1,1,0,0,0
202005,3175091004,DKI JAKARTA,JAKARTA TIMUR,CIRACAS,SUSUKAN,8,0,8,5,1,4,1,0,0,0,1
202005,3175051001,DKI JAKARTA,JAKARTA TIMUR,PASAR REBO,GEDONG,5,0,5,3,1,2,5,3,0,0,2
202005,3175071006,DKI JAKARTA,JAKARTA TIMUR,DUREN SAWIT,MALAKA JAYA,11,0,11,4,2,2,6,5,0,0,1
202005,3174031001,DKI JAKARTA,JAKARTA SELATAN,MAMPANG PRAPATAN,MAMPANG PRAPATAN,16,1,15,0,0,0,3,3,0,0,0
202005,3171021005,DKI JAKARTA,JAKARTA PUSAT,SAWAH BESAR,MANGGA DUA SELATAN,19,2,17,5,4,1,5,4,0,0,1
202005,3175031004,DKI JAKARTA,JAKARTA TIMUR,JATINEGARA,RAWA BUNGA,7,0,7,2,1,1,5,3,0,0,2
202005,3173071006,DKI JAKARTA,JAKARTA BARAT,PALMERAH,KOTA BAMBU SELATAN,8,0,8,2,0,2,4,4,0,0,0
202005,3173061002,DKI JAKARTA,JAKARTA BARAT,KALI DERES,SEMANAN,4,0,4,3,1,2,8,3,0,1,4
202005,3171021003,DKI JAKARTA,JAKARTA PUSAT,SAWAH BESAR,KARTINI,29,0,29,7,3,4,9,7,0,1,1
202005,3175011004,DKI JAKARTA,JAKARTA TIMUR,MATRAMAN,PAL MERIAM,20,1,19,15,5,10,12,4,0,2,6
202005,3173031001,DKI JAKARTA,JAKARTA BARAT,TAMAN SARI,TAMAN SARI,12,1,11,8,2,6,8,3,0,2,3
202005,3173041007,DKI JAKARTA,JAKARTA BARAT,TAMBORA,ANGKE,5,0,5,2,2,0,2,2,0,0,0
202005,3174061004,DKI JAKARTA,JAKARTA SELATAN,CILANDAK,GANDARIA SELATAN,9,0,9,2,0,2,3,1,1,1,0
202005,3171021002,DKI JAKARTA,JAKARTA PUSAT,SAWAH BESAR,KARANG ANYAR,29,0,29,17,5,12,8,6,0,1,1
202005,3171061005,DKI JAKARTA,JAKARTA PUSAT,MENTENG,KEBON SIRIH,5,0,5,1,1,0,8,6,0,0,2
202005,3175091003,DKI JAKARTA,JAKARTA TIMUR,CIRACAS,KELAPA DUA WETAN,23,1,22,7,3,4,10,6,0,0,4
202005,3171041004,DKI JAKARTA,JAKARTA PUSAT,SENEN,KRAMAT,18,0,18,8,7,1,17,5,0,2,10
202005,3174021008,DKI JAKARTA,JAKARTA SELATAN,SETIA BUDI,KUNINGAN TIMUR,9,0,9,1,0,1,9,4,0,2,3
202005,3175081001,DKI JAKARTA,JAKARTA TIMUR,MAKASAR,MAKASAR,5,0,5,3,0,3,5,4,0,0,1
202005,3174081005,DKI JAKARTA,JAKARTA SELATAN,PANCORAN,PENGADEGAN,6,0,6,1,1,0,5,1,1,0,3
202005,3171071004,DKI JAKARTA,JAKARTA PUSAT,TANAH ABANG,PETAMBURAN,62,1,61,19,9,10,30,23,1,3,78
202005,3172041005,DKI JAKARTA,JAKARTA UTARA,CILINCING,SEMPER TIMUR,18,1,17,5,3,2,6,4,0,0,2
202005,3171071007,DKI JAKARTA,JAKARTA PUSAT,TANAH ABANG,KAMPUNG BALI,8,1,7,6,5,1,9,4,0,1,4
202005,3173041009,DKI JAKARTA,JAKARTA BARAT,TAMBORA,PEKOJAN,6,0,6,8,6,2,4,3,0,0,1
202005,3173011003,DKI JAKARTA,JAKARTA BARAT,CENGKARENG,RAWA BUAYA,4,0,4,1,1,0,6,2,1,1,2
202005,3173031006,DKI JAKARTA,JAKARTA BARAT,TAMAN SARI,KEAGUNGAN,5,0,5,2,0,2,3,2,0,0,1
202005,3172021001,DKI JAKARTA,JAKARTA UTARA,TANJUNG PRIOK,TANJUNG PRIOK,13,3,10,4,2,2,21,16,1,1,3
202005,3171031001,DKI JAKARTA,JAKARTA PUSAT,KEMAYORAN,KEMAYORAN,10,1,9,16,7,9,6,3,0,1,2
202005,3171011001,DKI JAKARTA,JAKARTA PUSAT,GAMBIR,GAMBIR,5,1,4,1,1,0,2,2,0,0,0
202005,3175061007,DKI JAKARTA,JAKARTA TIMUR,CAKUNG,CAKUNG BARAT,24,2,22,6,1,5,8,6,0,0,2
202005,3171061003,DKI JAKARTA,JAKARTA PUSAT,MENTENG,CIKINI,4,0,4,7,3,4,5,1,2,1,1
202005,3174081006,DKI JAKARTA,JAKARTA SELATAN,PANCORAN,CIKOKO,2,1,1,1,0,1,6,4,0,1,1
202005,3175031001,DKI JAKARTA,JAKARTA TIMUR,JATINEGARA,KAMPUNG MELAYU,7,1,6,3,3,0,7,4,0,1,2
202005,3174031005,DKI JAKARTA,JAKARTA SELATAN,MAMPANG PRAPATAN,KUNINGAN BARAT,10,0,10,1,1,0,0,0,0,0,0
202005,3171041005,DKI JAKARTA,JAKARTA PUSAT,SENEN,KWITANG,3,0,3,3,0,3,3,2,1,0,0
202005,3172041003,DKI JAKARTA,JAKARTA UTARA,CILINCING,MARUNDA,21,1,20,8,3,5,5,2,0,1,2
202005,3175061002,DKI JAKARTA,JAKARTA TIMUR,CAKUNG,RAWA TERATE,6,0,6,3,2,1,1,0,0,0,1
202005,3173041010,DKI JAKARTA,JAKARTA BARAT,TAMBORA,ROA MALAKA,1,0,1,0,0,0,0,0,0,0,0
202005,3171041001,DKI JAKARTA,JAKARTA PUSAT,SENEN,SENEN,5,0,5,4,0,4,3,0,0,1,2
202005,3171031004,DKI JAKARTA,JAKARTA PUSAT,KEMAYORAN,SERDANG,25,0,25,8,5,3,6,2,0,0,4
202005,3175061001,DKI JAKARTA,JAKARTA TIMUR,CAKUNG,JATINEGARA,27,0,27,11,3,8,13,4,0,3,6
202005,3172031004,DKI JAKARTA,JAKARTA UTARA,KOJA,RAWA BADAK UTARA,11,0,11,7,2,5,2,2,0,0,0
202005,3173041004,DKI JAKARTA,JAKARTA BARAT,TAMBORA,TANAH SEREAL,4,0,4,2,2,0,3,2,0,1,0
202005,3173041011,DKI JAKARTA,JAKARTA BARAT,TAMBORA,DURI SELATAN,1,0,1,0,0,0,0,0,0,0,0
202005,3173041003,DKI JAKARTA,JAKARTA BARAT,TAMBORA,DURI UTARA,1,0,1,1,0,1,2,2,0,0,0
202005,3175021004,DKI JAKARTA,JAKARTA TIMUR,PULO GADUNG,JATINEGARA KAUM,2,1,1,1,0,1,1,0,0,0,1
202005,3173041002,DKI JAKARTA,JAKARTA BARAT,TAMBORA,KALI ANYAR,2,0,2,2,1,1,3,1,0,2,0
202005,3173031002,DKI JAKARTA,JAKARTA BARAT,TAMAN SARI,KRUKUT,2,0,2,8,6,2,5,1,0,1,3
202005,3173031005,DKI JAKARTA,JAKARTA BARAT,TAMAN SARI,MANGGA BESAR,4,0,4,3,0,3,2,2,0,0,0
202005,3174011006,DKI JAKARTA,JAKARTA SELATAN,TEBET,MANGGARAI SELATAN,3,0,3,5,2,3,10,7,0,1,2
202005,3101011003,DKI JAKARTA,KAB.ADM.KEP.SERIBU,KEP. SERIBU UTARA,PULAU HARAPAN,44,0,44,0,0,0,0,0,0,0,0
202005,3101011002,DKI JAKARTA,KAB.ADM.KEP.SERIBU,KEP. SERIBU UTARA,PULAU KELAPA,30,1,29,3,1,2,1,0,0,0,1
202005,3101011001,DKI JAKARTA,KAB.ADM.KEP.SERIBU,KEP. SERIBU UTARA,PULAU PANGGANG,28,1,27,9,0,9,0,0,0,0,0
202005,3101021003,DKI JAKARTA,KAB.ADM.KEP.SERIBU,KEP. SERIBU SELATAN,PULAU PARI,4,0,4,4,0,4,0,0,0,0,0
202005,3101021002,DKI JAKARTA,KAB.ADM.KEP.SERIBU,KEP. SERIBU SELATAN,PULAU TIDUNG,21,1,20,0,0,0,9,0,0,0,9
202005,3173031008,DKI JAKARTA,JAKARTA BARAT,TAMAN SARI,PINANGSIA,5,0,5,2,2,0,1,0,0,0,1
202005,3174021001,DKI JAKARTA,JAKARTA SELATAN,SETIA BUDI,SETIA BUDI,1,0,1,4,2,2,3,2,1,0,0
202005,3173041001,DKI JAKARTA,JAKARTA BARAT,TAMBORA,TAMBORA,2,0,2,0,0,0,1,0,0,0,1
202005,3101021001,DKI JAKARTA,KAB.ADM.KEP.SERIBU,KEP. SERIBU SELATAN,PULAU UNTUNG JAWA,12,0,12,0,0,0,0,0,0,0,0
202005,BELUM DIKETAHUI,BELUM DIKETAHUI,BELUM DIKETAHUI,BELUM DIKETAHUI,BELUM DIKETAHUI,2656,49,2607,2752,150,2602,30,340,5,5,52
202005,LUAR DKI JAKARTA,LUAR DKI JAKARTA,LUAR DKI JAKARTA,LUAR DKI JAKARTA,LUAR DKI JAKARTA,1340,24,1316,911,120,791,30,434,5,5,223
202005,3173061005,DKI JAKARTA,JAKARTA BARAT,KALI DERES,PEGADUNGAN,9,1,8,16,4,12,30,13,5,3,13
202005,3174071006,DKI JAKARTA,JAKARTA SELATAN,KEBAYORAN BARU,SENAYAN,1,0,1,12,12,0,17,0,5,0,2
202005,3173051001,DKI JAKARTA,JAKARTA BARAT,KEBON JERUK,KEBON JERUK,24,0,24,13,5,8,30,13,5,5,7
202005,3172061001,DKI JAKARTA,JAKARTA UTARA,KELAPA GADING,KELAPA GADING TIMUR,46,0,46,38,10,28,30,9,5,4,8
202005,3173021003,DKI JAKARTA,JAKARTA BARAT,GROGOL PETAMBURAN,TOMANG,46,1,45,10,5,5,30,10,5,1,6
202005,3175071001,DKI JAKARTA,JAKARTA TIMUR,DUREN SAWIT,DUREN SAWIT,20,0,20,13,9,4,29,17,5,4,3
202005,3173061001,DKI JAKARTA,JAKARTA BARAT,KALI DERES,KALIDERES,22,1,21,13,4,9,30,10,5,5,8
202005,3174051002,DKI JAKARTA,JAKARTA SELATAN,KEBAYORAN LAMA,PONDOK PINANG,21,2,19,9,6,3,30,12,1,5,10
202005,3175071004,DKI JAKARTA,JAKARTA TIMUR,DUREN SAWIT,PONDOK KELAPA,14,0,14,6,4,2,30,21,2,5,19
202005,3174061001,DKI JAKARTA,JAKARTA SELATAN,CILANDAK,CILANDAK BARAT,22,2,20,23,6,17,25,11,5,3,6
202005,3173081004,DKI JAKARTA,JAKARTA BARAT,KEMBANGAN,SRENGSENG,10,0,10,8,2,6,18,5,5,2,5
202005,3174011003,DKI JAKARTA,JAKARTA SELATAN,TEBET,MENTENG DALAM,16,1,15,9,0,9,21,8,4,2,7
202005,3172061003,DKI JAKARTA,JAKARTA UTARA,KELAPA GADING,KELAPA GADING BARAT,78,1,77,28,4,24,30,17,5,3,18
202005,3174031002,DKI JAKARTA,JAKARTA SELATAN,MAMPANG PRAPATAN,BANGKA,11,0,11,7,3,4,11,2,5,1,3
202005,3175081004,DKI JAKARTA,JAKARTA TIMUR,MAKASAR,HALIM PERDANA KUSUMAH,6,0,6,6,2,4,23,13,5,2,2
202005,3172021006,DKI JAKARTA,JAKARTA UTARA,TANJUNG PRIOK,SUNTER AGUNG,47,4,43,45,25,20,30,40,4,5,16
202005,3172011005,DKI JAKARTA,JAKARTA UTARA,PENJARINGAN,PLUIT,27,1,26,24,4,20,24,13,3,2,6
202005,3174091005,DKI JAKARTA,JAKARTA SELATAN,JAGAKARSA,TANJUNG BARAT,10,0,10,15,2,13,18,8,1,2,7
202005,3173051005,DKI JAKARTA,JAKARTA BARAT,KEBON JERUK,DURI KEPA,20,0,20,13,7,6,29,16,2,2,9
202005,3175021007,DKI JAKARTA,JAKARTA TIMUR,PULO GADUNG,JATI,22,0,22,16,9,7,19,11,2,0,6
202005,3174011001,DKI JAKARTA,JAKARTA SELATAN,TEBET,TEBET TIMUR,5,0,5,3,1,2,15,5,3,3,4
202005,3174061002,DKI JAKARTA,JAKARTA SELATAN,CILANDAK,LEBAK BULUS,25,3,22,11,0,11,20,5,3,5,6
202005,3174101002,DKI JAKARTA,JAKARTA SELATAN,PESANGGRAHAN,BINTARO,18,1,17,11,3,8,23,11,3,5,3
202005,3171031003,DKI JAKARTA,JAKARTA PUSAT,KEMAYORAN,HARAPAN MULIA,10,1,9,9,3,6,12,2,1,2,7
202005,3173051007,DKI JAKARTA,JAKARTA BARAT,KEBON JERUK,KEDOYA SELATAN,18,0,18,11,2,9,11,3,4,1,3
202005,3173051004,DKI JAKARTA,JAKARTA BARAT,KEBON JERUK,KELAPA DUA,17,0,17,5,0,5,13,5,2,0,6
202005,3175041004,DKI JAKARTA,JAKARTA TIMUR,KRAMAT JATI,BATU AMPAR,15,1,14,10,6,4,19,4,1,3,11
202005,3174071005,DKI JAKARTA,JAKARTA SELATAN,KEBAYORAN BARU,RAWA BARAT,5,0,5,4,3,1,7,2,4,1,0
202005,3175031006,DKI JAKARTA,JAKARTA TIMUR,JATINEGARA,CIPINANG MUARA,9,0,9,3,0,3,20,7,1,2,10
202005,3175061003,DKI JAKARTA,JAKARTA TIMUR,CAKUNG,PENGGILINGAN,50,1,49,13,8,5,28,14,3,2,9
202005,3174011002,DKI JAKARTA,JAKARTA SELATAN,TEBET,TEBET BARAT,4,0,4,8,2,6,28,16,1,2,9
202005,3173021004,DKI JAKARTA,JAKARTA BARAT,GROGOL PETAMBURAN,JELAMBAR,3,0,3,4,1,3,13,5,3,3,2
202005,3174011005,DKI JAKARTA,JAKARTA SELATAN,TEBET,BUKIT DURI,11,0,11,9,5,4,13,4,3,3,3
202005,3174021003,DKI JAKARTA,JAKARTA SELATAN,SETIA BUDI,KARET KUNINGAN,12,1,11,9,1,8,12,4,3,2,3
202005,3173071001,DKI JAKARTA,JAKARTA BARAT,PALMERAH,PALMERAH,23,3,20,8,5,3,27,10,3,4,10
202005,3171051002,DKI JAKARTA,JAKARTA PUSAT,CEMPAKA PUTIH,CEMPAKA PUTIH BARAT,68,1,67,32,7,25,30,13,3,5,10
202005,3175041007,DKI JAKARTA,JAKARTA TIMUR,KRAMAT JATI,CAWANG,5,0,5,5,1,4,13,6,1,1,5
202005,3175021006,DKI JAKARTA,JAKARTA TIMUR,PULO GADUNG,KAYU PUTIH,26,1,25,20,6,14,30,19,1,4,7
202005,3171061001,DKI JAKARTA,JAKARTA PUSAT,MENTENG,MENTENG,25,0,25,8,3,5,18,9,2,4,3
202005,3175051004,DKI JAKARTA,JAKARTA TIMUR,PASAR REBO,KALISARI,14,2,12,9,2,7,19,6,3,2,8
202005,3174051001,DKI JAKARTA,JAKARTA SELATAN,KEBAYORAN LAMA,KEBAYORAN LAMA UTARA,10,0,10,8,3,5,11,6,3,1,1
202005,3173051006,DKI JAKARTA,JAKARTA BARAT,KEBON JERUK,KEDOYA UTARA,13,1,12,6,2,4,13,7,1,0,5
202005,3171031002,DKI JAKARTA,JAKARTA PUSAT,KEMAYORAN,KEBON KOSONG,35,3,32,14,8,6,18,5,3,4,6
202005,3173081001,DKI JAKARTA,JAKARTA BARAT,KEMBANGAN,KEMBANGAN UTARA,3,0,3,7,4,3,16,6,3,1,6
202005,3171081001,DKI JAKARTA,JAKARTA PUSAT,JOHAR BARU,JOHAR BARU,31,1,30,16,6,10,16,5,2,2,7
202005,3175021002,DKI JAKARTA,JAKARTA TIMUR,PULO GADUNG,PISANGAN TIMUR,46,1,45,10,5,5,7,1,1,3,2
202005,3171031005,DKI JAKARTA,JAKARTA PUSAT,KEMAYORAN,GUNUNG SAHARI SELATAN,30,2,28,2,2,0,5,2,0,0,3
202005,3171071005,DKI JAKARTA,JAKARTA PUSAT,TANAH ABANG,KEBON MELATI,47,3,44,24,11,13,30,13,1,2,20
202005,3171041002,DKI JAKARTA,JAKARTA PUSAT,SENEN,KENARI,15,1,14,6,4,2,7,2,2,0,3
202005,3172051003,DKI JAKARTA,JAKARTA UTARA,PADEMANGAN,ANCOL,13,0,13,8,1,7,6,3,1,0,2
202005,3173081003,DKI JAKARTA,JAKARTA BARAT,KEMBANGAN,MERUYA SELATAN,9,0,9,7,3,4,8,4,1,1,2
202005,3172021005,DKI JAKARTA,JAKARTA UTARA,TANJUNG PRIOK,KEBON BAWANG,24,0,24,11,5,6,12,7,1,0,4
202005,3174081002,DKI JAKARTA,JAKARTA SELATAN,PANCORAN,KALIBATA,12,0,12,10,4,6,9,7,1,0,1
202005,3173011001,DKI JAKARTA,JAKARTA BARAT,CENGKARENG,CENGKARENG BARAT,12,0,12,7,1,6,15,6,1,0,8
202005,3174021005,DKI JAKARTA,JAKARTA SELATAN,SETIA BUDI,MENTENG ATAS,13,0,13,5,3,2,8,7,0,1,0
202005,3174091006,DKI JAKARTA,JAKARTA SELATAN,JAGAKARSA,CIPEDAK,9,0,9,1,0,1,4,2,0,0,2
202005,3171081004,DKI JAKARTA,JAKARTA PUSAT,JOHAR BARU,TANAH TINGGI,33,0,33,10,3,7,7,2,2,1,2
202005,3175091002,DKI JAKARTA,JAKARTA TIMUR,CIRACAS,CIBUBUR,40,1,39,11,3,8,10,5,1,2,2
202005,3173061004,DKI JAKARTA,JAKARTA BARAT,KALI DERES,KAMAL,6,0,6,4,0,4,2,1,1,0,0
202005,3175021001,DKI JAKARTA,JAKARTA TIMUR,PULO GADUNG,PULO GADUNG,24,1,23,10,3,7,15,9,1,0,5
202005,3171031008,DKI JAKARTA,JAKARTA PUSAT,KEMAYORAN,UTAN PANJANG,21,0,21,7,2,5,8,2,1,0,5
202005,3174031004,DKI JAKARTA,JAKARTA SELATAN,MAMPANG PRAPATAN,TEGAL PARANG,17,0,17,7,2,5,10,5,1,1,3
202005,3175101006,DKI JAKARTA,JAKARTA TIMUR,CIPAYUNG,BAMBU APUS,17,1,16,5,0,5,5,3,1,0,1
202005,3175041005,DKI JAKARTA,JAKARTA TIMUR,KRAMAT JATI,BALE KAMBANG,7,0,7,4,2,2,5,2,2,0,1
202005,3174071008,DKI JAKARTA,JAKARTA SELATAN,KEBAYORAN BARU,PETOGOGAN,4,0,4,2,1,1,2,1,1,0,0
202005,3172041006,DKI JAKARTA,JAKARTA UTARA,CILINCING,ROROTAN,26,0,26,4,1,3,5,2,0,1,2
202005,3173021001,DKI JAKARTA,JAKARTA BARAT,GROGOL PETAMBURAN,GROGOL,8,1,7,4,2,2,7,5,1,0,1
202005,3174071002,DKI JAKARTA,JAKARTA SELATAN,KEBAYORAN BARU,GUNUNG,9,0,9,6,4,2,6,3,1,1,1
202005,3173041006,DKI JAKARTA,JAKARTA BARAT,TAMBORA,JEMBATAN BESI,8,1,7,2,1,1,6,3,1,0,2
202005,3172041004,DKI JAKARTA,JAKARTA UTARA,CILINCING,KALI BARU,21,0,21,4,2,2,6,2,0,2,2
202005,3173011004,DKI JAKARTA,JAKARTA BARAT,CENGKARENG,KEDAUNG KALI ANGKE,3,0,3,3,0,3,6,5,0,0,1
202005,3174071003,DKI JAKARTA,JAKARTA SELATAN,KEBAYORAN BARU,KRAMAT PELA,4,0,4,1,0,1,1,1,0,0,0
202005,3174071001,DKI JAKARTA,JAKARTA SELATAN,KEBAYORAN BARU,MELAWAI,5,0,5,0,0,0,4,2,1,0,1
202005,3175101004,DKI JAKARTA,JAKARTA TIMUR,CIPAYUNG,MUNJUL,7,0,7,3,2,1,4,1,1,0,2
202005,3174081003,DKI JAKARTA,JAKARTA SELATAN,PANCORAN,RAWA JATI,6,0,6,3,0,3,5,5,0,0,0
202005,3172031005,DKI JAKARTA,JAKARTA UTARA,KOJA,TUGU SELATAN,30,2,28,13,6,7,7,2,1,0,4
202005,3175071005,DKI JAKARTA,JAKARTA TIMUR,DUREN SAWIT,MALAKA SARI,7,0,7,3,3,0,6,3,0,1,2
202005,3171031007,DKI JAKARTA,JAKARTA PUSAT,KEMAYORAN,SUMUR BATU,11,0,11,5,3,2,5,3,0,0,2
202005,3173051002,DKI JAKARTA,JAKARTA BARAT,KEBON JERUK,SUKABUMI UTARA,26,1,25,7,2,5,13,6,1,2,4
202005,3175041002,DKI JAKARTA,JAKARTA TIMUR,KRAMAT JATI,KAMPUNG TENGAH,6,0,6,4,2,2,11,5,1,2,3
202005,3174041004,DKI JAKARTA,JAKARTA SELATAN,PASAR MINGGU,RAGUNAN,11,0,11,4,1,3,5,3,1,1,0
202005,3175101005,DKI JAKARTA,JAKARTA TIMUR,CIPAYUNG,SETU,2,0,2,4,2,2,3,0,1,0,2
202005,3174021007,DKI JAKARTA,JAKARTA SELATAN,SETIA BUDI,GUNTUR,3,0,3,2,0,2,3,2,1,0,0
202005,3175101003,DKI JAKARTA,JAKARTA TIMUR,CIPAYUNG,PONDOK RANGGON,6,1,5,1,0,1,3,0,0,1,2
202005,3174071007,DKI JAKARTA,JAKARTA SELATAN,KEBAYORAN BARU,PULO,2,0,2,1,1,0,3,1,1,0,1
202005,3175051002,DKI JAKARTA,JAKARTA TIMUR,PASAR REBO,BARU,4,2,2,2,0,2,3,0,0,0,3
202005,3172011002,DKI JAKARTA,JAKARTA UTARA,PENJARINGAN,KAMAL MUARA,3,0,3,4,1,3,11,9,0,1,1
202005,3174091002,DKI JAKARTA,JAKARTA SELATAN,JAGAKARSA,SRENGSENG SAWAH,7,0,7,2,1,1,14,5,2,1,6
202005,3175011005,DKI JAKARTA,JAKARTA TIMUR,MATRAMAN,KEBON MANGGIS,3,0,3,0,0,0,2,1,0,1,0
202005,3175031005,DKI JAKARTA,JAKARTA TIMUR,JATINEGARA,CIPINANG CEMPEDAK,3,0,3,8,1,7,7,6,0,1,0
202005,3173031007,DKI JAKARTA,JAKARTA BARAT,TAMAN SARI,GLODOK,4,0,4,2,1,1,2,2,0,0,0
202005,3174071004,DKI JAKARTA,JAKARTA SELATAN,KEBAYORAN BARU,SELONG,1,0,1,2,0,2,3,1,1,0,1
202005,3172011001,DKI JAKARTA,JAKARTA UTARA,PENJARINGAN,PENJARINGAN,33,1,32,16,4,12,10,4,0,1,5
202005,3174071010,DKI JAKARTA,JAKARTA SELATAN,KEBAYORAN BARU,CIPETE UTARA,14,1,13,17,9,8,8,6,1,1,0
202005,3172031003,DKI JAKARTA,JAKARTA UTARA,KOJA,LAGOA,26,1,25,10,4,6,17,8,0,0,9
202005,3171011004,DKI JAKARTA,JAKARTA PUSAT,GAMBIR,PETOJO SELATAN,20,3,17,3,0,3,3,1,1,1,0
202005,3171071006,DKI JAKARTA,JAKARTA PUSAT,TANAH ABANG,KEBON KACANG,30,0,30,11,2,9,30,14,0,4,23
202005,3173041005,DKI JAKARTA,JAKARTA BARAT,TAMBORA,KERENDANG,5,1,4,1,0,1,6,3,1,1,1
202005,3171081003,DKI JAKARTA,JAKARTA PUSAT,JOHAR BARU,GALUR,12,0,12,2,1,1,2,1,0,0,1
202005,3175091005,DKI JAKARTA,JAKARTA TIMUR,CIRACAS,RAMBUTAN,8,1,7,5,2,3,3,0,0,0,3
202005,3173031003,DKI JAKARTA,JAKARTA BARAT,TAMAN SARI,MAPHAR,20,0,20,5,1,4,30,38,0,0,4
202005,3175041006,DKI JAKARTA,JAKARTA TIMUR,KRAMAT JATI,CILILITAN,10,0,10,6,3,3,11,3,0,0,8
202005,3175031007,DKI JAKARTA,JAKARTA TIMUR,JATINEGARA,CIPINANG BESAR SELATAN,8,1,7,1,0,1,7,5,0,0,2
202005,3171031006,DKI JAKARTA,JAKARTA PUSAT,KEMAYORAN,CEMPAKA BARU,28,1,27,13,6,7,13,3,0,5,5
202005,3173041008,DKI JAKARTA,JAKARTA BARAT,TAMBORA,JEMBATAN LIMA,3,0,3,4,1,3,4,3,0,0,1
202005,3175041003,DKI JAKARTA,JAKARTA TIMUR,KRAMAT JATI,DUKUH,9,1,8,2,1,1,8,5,0,0,3
202005,3171011006,DKI JAKARTA,JAKARTA PUSAT,GAMBIR,DURI PULO,8,0,8,5,3,2,1,0,0,0,1
202005,3172021003,DKI JAKARTA,JAKARTA UTARA,TANJUNG PRIOK,PAPANGGO,25,1,24,5,2,3,4,2,0,1,1
202005,3172041007,DKI JAKARTA,JAKARTA UTARA,CILINCING,SEMPER BARAT,53,2,51,7,4,3,7,5,0,0,2
202005,3172011003,DKI JAKARTA,JAKARTA UTARA,PENJARINGAN,KAPUK MUARA,14,1,13,4,0,4,9,5,1,2,1
202005,3175011002,DKI JAKARTA,JAKARTA TIMUR,MATRAMAN,UTAN KAYU UTARA,24,0,24,12,3,9,4,2,0,1,1
202005,3171051001,DKI JAKARTA,JAKARTA PUSAT,CEMPAKA PUTIH,CEMPAKA PUTIH TIMUR,47,1,46,17,4,13,30,16,1,1,20
202005,3171071003,DKI JAKARTA,JAKARTA PUSAT,TANAH ABANG,KARET TENGSIN,11,0,11,7,2,5,8,2,0,0,6
202005,3172041001,DKI JAKARTA,JAKARTA UTARA,CILINCING,CILINCING,44,0,44,6,4,2,9,6,0,0,3
202005,3172031006,DKI JAKARTA,JAKARTA UTARA,KOJA,RAWA BADAK SELATAN,24,1,23,8,4,4,13,7,1,0,5
202005,3174011007,DKI JAKARTA,JAKARTA SELATAN,TEBET,MANGGARAI,8,0,8,3,1,2,1,1,0,0,0
202005,3175101001,DKI JAKARTA,JAKARTA TIMUR,CIPAYUNG,CIPAYUNG,11,1,10,5,4,1,7,6,0,0,1
202005,3175101008,DKI JAKARTA,JAKARTA TIMUR,CIPAYUNG,CEGER,12,2,10,2,1,1,1,1,0,0,0
202005,3173031004,DKI JAKARTA,JAKARTA BARAT,TAMAN SARI,TANGKI,8,0,8,1,1,0,2,1,0,1,0
202005,3172051001,DKI JAKARTA,JAKARTA UTARA,PADEMANGAN,PADEMANGAN TIMUR,18,1,17,12,8,4,14,4,2,2,6
202005,3171021004,DKI JAKARTA,JAKARTA PUSAT,SAWAH BESAR,GUNUNG SAHARI UTARA,36,3,33,13,5,8,17,8,2,4,3
202005,3172041002,DKI JAKARTA,JAKARTA UTARA,CILINCING,SUKAPURA,22,0,22,9,3,6,6,2,0,1,3
202005,3174021004,DKI JAKARTA,JAKARTA SELATAN,SETIA BUDI,KARET,9,0,9,4,1,3,5,4,1,0,0
202005,3171011002,DKI JAKARTA,JAKARTA PUSAT,GAMBIR,CIDENG,23,1,22,8,6,2,10,5,0,2,3
202005,3171041006,DKI JAKARTA,JAKARTA PUSAT,SENEN,BUNGUR,20,0,20,8,5,3,13,5,0,0,8
202005,3174011004,DKI JAKARTA,JAKARTA SELATAN,TEBET,KEBON BARU,10,0,10,9,4,5,7,0,2,0,5
202005,3173071002,DKI JAKARTA,JAKARTA BARAT,PALMERAH,SLIPI,10,0,10,3,1,2,7,3,0,0,4
202005,3174091004,DKI JAKARTA,JAKARTA SELATAN,JAGAKARSA,LENTENG AGUNG,16,0,16,7,0,7,9,5,0,0,4
202005,3173071005,DKI JAKARTA,JAKARTA BARAT,PALMERAH,KEMANGGISAN,13,0,13,9,2,7,15,5,1,2,7
202005,3175101002,DKI JAKARTA,JAKARTA TIMUR,CIPAYUNG,CILANGKAP,13,0,13,8,4,4,9,7,1,0,1
202005,3171011005,DKI JAKARTA,JAKARTA PUSAT,GAMBIR,KEBON KELAPA,20,0,20,3,2,1,7,0,1,1,5
202005,3171041003,DKI JAKARTA,JAKARTA PUSAT,SENEN,PASEBAN,47,1,46,14,5,9,15,10,1,0,4
202005,3175081003,DKI JAKARTA,JAKARTA TIMUR,MAKASAR,KEBON PALA,10,0,10,8,1,7,2,1,1,0,0
202005,3172031002,DKI JAKARTA,JAKARTA UTARA,KOJA,TUGU UTARA,40,4,36,18,5,13,18,7,1,2,8
202005,3174041006,DKI JAKARTA,JAKARTA SELATAN,PASAR MINGGU,PEJATEN BARAT,27,1,26,7,5,2,13,7,0,2,4
202005,3173011002,DKI JAKARTA,JAKARTA BARAT,CENGKARENG,DURI KOSAMBI,12,0,12,6,1,5,13,6,3,1,3
202005,3175071003,DKI JAKARTA,JAKARTA TIMUR,DUREN SAWIT,KLENDER,23,0,23,8,4,4,29,15,3,5,5
202005,3175011003,DKI JAKARTA,JAKARTA TIMUR,MATRAMAN,KAYU MANIS,25,0,25,12,7,5,21,14,1,0,6
202005,3172051002,DKI JAKARTA,JAKARTA UTARA,PADEMANGAN,PADEMANGAN BARAT,69,3,66,10,0,10,30,17,1,4,32
202005,3172021004,DKI JAKARTA,JAKARTA UTARA,TANJUNG PRIOK,SUNGAI BAMBU,14,1,13,10,3,7,10,3,2,2,3
202005,3172011004,DKI JAKARTA,JAKARTA UTARA,PENJARINGAN,PEJAGALAN,27,0,27,4,0,4,16,9,1,1,5
202005,3175011006,DKI JAKARTA,JAKARTA TIMUR,MATRAMAN,UTAN KAYU SELATAN,47,4,43,14,4,10,27,10,1,3,13
202005,3174051005,DKI JAKARTA,JAKARTA SELATAN,KEBAYORAN LAMA,GROGOL SELATAN,11,0,11,7,3,4,16,6,2,2,6
202005,3173071003,DKI JAKARTA,JAKARTA BARAT,PALMERAH,KOTA BAMBU UTARA,12,0,12,7,6,1,8,2,3,0,3
202005,3174101005,DKI JAKARTA,JAKARTA SELATAN,PESANGGRAHAN,ULUJAMI,10,0,10,5,2,3,14,4,2,3,5
202005,3175091001,DKI JAKARTA,JAKARTA TIMUR,CIRACAS,CIRACAS,29,0,29,14,5,9,18,8,3,3,4
202005,3172061002,DKI JAKARTA,JAKARTA UTARA,KELAPA GADING,PEGANGSAAN DUA,84,0,84,11,6,5,15,8,1,0,6
202005,3173061003,DKI JAKARTA,JAKARTA BARAT,KALI DERES,TEGAL ALUR,26,0,26,8,3,5,14,8,2,0,4
202005,3173011006,DKI JAKARTA,JAKARTA BARAT,CENGKARENG,CENGKARENG TIMUR,13,1,12,6,3,3,19,10,2,2,5
202005,3174041005,DKI JAKARTA,JAKARTA SELATAN,PASAR MINGGU,PEJATEN TIMUR,49,1,48,9,4,5,24,11,2,4,7
202005,3174051006,DKI JAKARTA,JAKARTA SELATAN,KEBAYORAN LAMA,KEBAYORAN LAMA SELATAN,15,0,15,6,3,3,8,4,1,3,0
202005,3175071002,DKI JAKARTA,JAKARTA TIMUR,DUREN SAWIT,PONDOK BAMBU,17,0,17,6,4,2,14,5,2,3,4
202005,3175011001,DKI JAKARTA,JAKARTA TIMUR,MATRAMAN,PISANGAN BARU,20,2,18,12,4,8,13,6,2,1,4
202005,3174071009,DKI JAKARTA,JAKARTA SELATAN,KEBAYORAN BARU,GANDARIA UTARA,15,3,12,9,1,8,7,4,1,0,2
202005,3175021005,DKI JAKARTA,JAKARTA TIMUR,PULO GADUNG,RAWAMANGUN,16,2,14,9,3,6,13,8,2,0,3
202005,3174091001,DKI JAKARTA,JAKARTA SELATAN,JAGAKARSA,JAGAKARSA,17,0,17,13,4,9,15,6,4,1,4
202005,3174061003,DKI JAKARTA,JAKARTA SELATAN,CILANDAK,PONDOK LABU,17,0,17,15,2,13,23,13,3,1,6
202005,3172021002,DKI JAKARTA,JAKARTA UTARA,TANJUNG PRIOK,SUNTER JAYA,40,2,38,25,8,17,20,6,0,3,11
202005,3175101007,DKI JAKARTA,JAKARTA TIMUR,CIPAYUNG,LUBANG BUAYA,9,0,9,11,7,4,7,5,1,0,1
202005,3173051003,DKI JAKARTA,JAKARTA BARAT,KEBON JERUK,SUKABUMI SELATAN,7,0,7,6,2,4,8,3,2,1,2
202005,3174021006,DKI JAKARTA,JAKARTA SELATAN,SETIA BUDI,PASAR MANGGIS,8,0,8,8,0,8,6,1,2,1,2
202005,3175071007,DKI JAKARTA,JAKARTA TIMUR,DUREN SAWIT,PONDOK KOPI,9,1,8,4,0,4,10,3,0,4,3
202005,3175031008,DKI JAKARTA,JAKARTA TIMUR,JATINEGARA,CIPINANG BESAR UTARA,5,1,4,3,3,0,8,5,0,1,2
202005,3171081002,DKI JAKARTA,JAKARTA PUSAT,JOHAR BARU,KAMPUNG RAWA,38,0,38,7,5,2,15,4,2,4,5
202005,3174101001,DKI JAKARTA,JAKARTA SELATAN,PESANGGRAHAN,PESANGGRAHAN,3,0,3,4,1,3,8,2,1,3,2
202005,3175061006,DKI JAKARTA,JAKARTA TIMUR,CAKUNG,UJUNG MENTENG,4,0,4,9,5,4,6,0,2,2,2
202005,3174101004,DKI JAKARTA,JAKARTA SELATAN,PESANGGRAHAN,PETUKANGAN SELATAN,2,0,2,5,2,3,6,1,2,1,2
202005,3175051003,DKI JAKARTA,JAKARTA TIMUR,PASAR REBO,CIJANTUNG,5,0,5,6,3,3,4,2,1,1,0
202005,3174061005,DKI JAKARTA,JAKARTA SELATAN,CILANDAK,CIPETE SELATAN,16,0,16,12,5,7,5,1,0,3,1
202005,3174031003,DKI JAKARTA,JAKARTA SELATAN,MAMPANG PRAPATAN,PELA MAMPANG,39,0,39,11,6,5,14,4,0,4,6
202005,3171071002,DKI JAKARTA,JAKARTA PUSAT,TANAH ABANG,BENDUNGAN HILIR,17,2,15,14,6,8,9,5,3,0,1
202005,3174101003,DKI JAKARTA,JAKARTA SELATAN,PESANGGRAHAN,PETUKANGAN UTARA,10,0,10,6,1,5,13,8,2,1,2
202005,3173071004,DKI JAKARTA,JAKARTA BARAT,PALMERAH,JATI PULO,7,0,7,6,2,4,12,9,2,0,1
202005,3171061002,DKI JAKARTA,JAKARTA PUSAT,MENTENG,PEGANGSAAN,19,0,19,4,1,3,13,3,2,1,7
202005,3173021002,DKI JAKARTA,JAKARTA BARAT,GROGOL PETAMBURAN,TANJUNG DUREN UTARA,7,0,7,4,1,3,6,1,2,1,2
202005,3173021006,DKI JAKARTA,JAKARTA BARAT,GROGOL PETAMBURAN,JELAMBAR BARU,5,0,5,7,2,5,7,2,2,1,2
202005,3175041001,DKI JAKARTA,JAKARTA TIMUR,KRAMAT JATI,KRAMAT JATI,5,0,5,2,0,2,7,0,0,2,5
202005,3173011005,DKI JAKARTA,JAKARTA BARAT,CENGKARENG,KAPUK,14,1,13,7,1,6,16,10,0,4,2
202005,3173021007,DKI JAKARTA,JAKARTA BARAT,GROGOL PETAMBURAN,WIJAYA KUSUMA,15,0,15,4,1,3,15,10,0,2,3
202005,3174091003,DKI JAKARTA,JAKARTA SELATAN,JAGAKARSA,CIGANJUR,6,0,6,7,3,4,9,5,0,1,3
202005,3171051003,DKI JAKARTA,JAKARTA PUSAT,CEMPAKA PUTIH,RAWASARI,62,0,62,12,2,10,6,4,1,1,0
202005,3173021005,DKI JAKARTA,JAKARTA BARAT,GROGOL PETAMBURAN,TANJUNG DUREN SELATAN,18,0,18,6,1,5,20,8,5,3,4
202005,3175031002,DKI JAKARTA,JAKARTA TIMUR,JATINEGARA,BIDARA CINA,7,0,7,2,2,0,15,7,0,3,5
202005,3174021002,DKI JAKARTA,JAKARTA SELATAN,SETIA BUDI,KARET SEMANGGI,12,0,12,4,0,4,3,0,1,2,0
202005,3173081006,DKI JAKARTA,JAKARTA BARAT,KEMBANGAN,KEMBANGAN SELATAN,9,1,8,6,3,3,14,4,1,0,9
202005,3173081005,DKI JAKARTA,JAKARTA BARAT,KEMBANGAN,JOGLO,10,0,10,3,1,2,8,5,2,0,1
202005,3175061004,DKI JAKARTA,JAKARTA TIMUR,CAKUNG,CAKUNG TIMUR,17,0,17,10,4,6,7,2,3,0,2
202005,3173081002,DKI JAKARTA,JAKARTA BARAT,KEMBANGAN,MERUYA UTARA,10,2,8,8,4,4,11,6,3,0,2
202005,3174051004,DKI JAKARTA,JAKARTA SELATAN,KEBAYORAN LAMA,GROGOL UTARA,8,0,8,3,2,1,17,6,3,0,8
202005,3174081001,DKI JAKARTA,JAKARTA SELATAN,PANCORAN,PANCORAN,8,0,8,5,2,3,12,7,1,2,2
202005,3174041001,DKI JAKARTA,JAKARTA SELATAN,PASAR MINGGU,PASAR MINGGU,17,0,17,10,3,7,10,5,2,1,2
202005,3175081002,DKI JAKARTA,JAKARTA TIMUR,MAKASAR,PINANG RANTI,7,1,6,3,1,2,8,1,2,2,3
202005,3174051003,DKI JAKARTA,JAKARTA SELATAN,KEBAYORAN LAMA,CIPULIR,5,0,5,9,4,5,9,5,2,1,1
202005,3171071001,DKI JAKARTA,JAKARTA PUSAT,TANAH ABANG,GELORA,4,0,4,2,0,2,5,3,1,1,0
202005,3175081005,DKI JAKARTA,JAKARTA TIMUR,MAKASAR,CIPINANG MELAYU,9,1,8,3,1,2,11,5,0,3,3
202005,3175061005,DKI JAKARTA,JAKARTA TIMUR,CAKUNG,PULO GEBANG,33,0,33,12,4,8,17,11,2,2,2
202005,3174081004,DKI JAKARTA,JAKARTA SELATAN,PANCORAN,DUREN TIGA,9,0,9,7,1,6,6,2,2,0,2
202005,3174041007,DKI JAKARTA,JAKARTA SELATAN,PASAR MINGGU,KEBAGUSAN,19,1,18,4,1,3,9,4,3,0,2
202005,3174041002,DKI JAKARTA,JAKARTA SELATAN,PASAR MINGGU,JATI PADANG,16,1,15,7,3,4,11,4,0,2,5
202005,3174041003,DKI JAKARTA,JAKARTA SELATAN,PASAR MINGGU,CILANDAK TIMUR,13,1,12,12,1,11,10,3,3,2,2
202005,3175021003,DKI JAKARTA,JAKARTA TIMUR,PULO GADUNG,CIPINANG,7,0,7,6,4,2,9,3,1,2,3
202005,3171021001,DKI JAKARTA,JAKARTA PUSAT,SAWAH BESAR,PASAR BARU,13,2,11,11,1,10,16,9,1,0,6
202005,3171011003,DKI JAKARTA,JAKARTA PUSAT,GAMBIR,PETOJO UTARA,14,0,14,10,5,5,11,5,1,2,3
202005,3175031003,DKI JAKARTA,JAKARTA TIMUR,JATINEGARA,BALI MESTER,2,1,1,4,0,4,6,2,0,1,3
202005,3171061004,DKI JAKARTA,JAKARTA PUSAT,MENTENG,GONDANGDIA,4,0,4,4,2,2,9,6,0,2,1
202005,3175051005,DKI JAKARTA,JAKARTA TIMUR,PASAR REBO,PEKAYON,7,2,5,5,4,1,3,2,0,1,0
